Steps,Error
10,0.685537
50,0.685056
100,0.684856
200,0.684756
400,0.684707
